[
    {
        "from": 3,
        "to": 2,
        "message": "Dobr\u00fd den, cht\u011bla bych se zeptat na pl\u00e1n na v\u00edkend.",
        "timestamp": "2025-05-15T10:20:00"
    },
    {
        "from": 2,
        "to": 3,
        "message": "Dobr\u00fd den, doporu\u010duji dodr\u017eet st\u00e1vaj\u00edc\u00ed pl\u00e1n s m\u00edrnou \u00fapravou.",
        "timestamp": "2025-05-15T11:00:00"
    },
    {
        "from": 2,
        "to": 3,
        "message": "Super, jn tak d\u00e1l",
        "timestamp": "2025-05-15T10:31:17+00:00"
    },
    {
        "from": 2,
        "to": 3,
        "message": "hkjkn.kn.",
        "timestamp": "2025-05-15T10:38:04+00:00"
    },
    {
        "from": 3,
        "to": 2,
        "message": "m,m. ",
        "timestamp": "2025-05-15T10:38:52+00:00"
    }
]